{"initmag": 1, "homvel": 10, "image": "marker-green.png", "start": [300, 400], "initang": 135, "path": [[0.10000000000000001, 0, 50], [0, -5, 18], [0, 0, 50], [0, -5, 18], [0, 0, 50], [0, -5, 18], [-0.10000000000000001, 0, 50], [0, -5, 18]], "homrad": 75}
